{
  "2D": 22120.3280007838,
  "3D": 355.186000823972,
  "AFK": 324.991000175476,
  "AssetLib": 1752.18800187111,
  "Dialogue": 541.786000967026,
  "Editor": 226041.589002131,
  "External": 28652.9049928188,
  "Game": 52641.0959954258,
  "LimboAI": 6464.4329981804,
  "Localization": 755.164999485016,
  "Script": 112758.502011775
}