{
  "2D": 14288.5430018901,
  "3D": 311.937000274656,
  "AFK": 376.009000062943,
  "AssetLib": 1531.03700184822,
  "Dialogue": 539.786000967026,
  "Editor": 152741.675000667,
  "External": 24364.8059942723,
  "Game": 32722.7689988611,
  "LimboAI": 4254.19999837877,
  "Localization": 755.164999485016,
  "Script": 73973.4320046901
}