{
  "2D": 14191.4400019645,
  "3D": 310.935000181196,
  "AFK": 376.009000062943,
  "AssetLib": 1531.03700184822,
  "Dialogue": 539.786000967026,
  "Editor": 151649.740000725,
  "External": 24364.8059942723,
  "Game": 32554.7879991529,
  "LimboAI": 4218.06499838831,
  "Localization": 755.164999485016,
  "Script": 73183.718004465
}